test,multithread_16_s
rng,12.057088929996826
square1,5.471395680005662
square2,5.363254360010615
square3,5.278556889999891
exp,9.824693790002494
cube1,35.15684552001185
cube2,12.48442567999009
cube3,12.227136699995025
cube4,12.060540779994335
Q1,0.0
Q2,0.0
Q3,0.0
Q4,18.918542700004764
atoa,0.0
expcube1,0.0
expcube2,0.0
expcube3,0.0
expcube4,0.0
