test,singlethread_s
rng,11.806930110001122
square1,5.350738069997169
square2,5.340220180002507
square3,5.202380400002585
exp,9.775271129992325
cube1,34.79772358000046
cube2,12.478412570004002
cube3,12.445910910001839
cube4,12.120855760006815
Q1,0.0
Q2,0.0
Q3,0.0
Q4,18.942410670011306
atoa,0.0
expcube1,0.0
expcube2,0.0
expcube3,0.0
expcube4,0.0
